{
  "coef": [
    0.11883759345593428,
    1.1292217464396006,
    0.2257744617090659,
    0.15572939443735012,
    0.22947379211165342,
    0.6440677092679978,
    2.2955793428903637,
    1.2856165728223596
  ],
  "intercept": -2.8054662323247817,
  "scaler_mean": [
    0.4154815392422611,
    41.91189830802173,
    0.07537781738516951,
    0.03989206985753716,
    1.1585162080873344,
    27.316012773383836,
    5.530384191699776,
    138.0987090465758
  ],
  "scaler_scale": [
    0.49276090470575934,
    22.515182838411107,
    0.26400000384738176,
    0.19570562746129339,
    1.2186731903871195,
    6.636208378912313,
    1.0686757359380783,
    40.63616501269999
  ],
  "feature_names": [
    "gender",
    "age",
    "hypertension",
    "heart_disease",
    "smoking_history",
    "bmi",
    "HbA1c_level",
    "blood_glucose_level"
  ],
  "feature_importances": {
    "gender": 0.16,
    "age": 15.13,
    "hypertension": 3.76,
    "heart_disease": 1.64,
    "smoking_history": 1.44,
    "bmi": 7.87,
    "HbA1c_level": 40.18,
    "blood_glucose_level": 29.82
  },
  "gender_map": {
    "Female": 0,
    "Male": 1,
    "Other": 0.5
  },
  "smoking_map": {
    "No Info": 0,
    "never": 1,
    "former": 2,
    "not current": 2,
    "ever": 3,
    "current": 4
  },
  "metrics": {
    "lr_accuracy": 0.8894,
    "lr_auc": 0.962,
    "rf_accuracy": 0.9105,
    "rf_auc": 0.9752,
    "training_samples": 80793
  }
}